{"last_chunk_done": 9, "ok_items": 108, "bad_chunks": 0, "total_ollama_time": 1254.411340713501, "ema_s_per_chunk": 149.0662421167144}