{"last_chunk_done": 100, "ok_items": 300, "bad_chunks": 25, "total_ollama_time": 1095.3439404964447, "ema_s_per_chunk": 3.51269358185466}